{
  "model": "ExtraTrees",
  "dataset": "FP",
  "best_params": {
    "n_estimators": 200,
    "min_samples_split": 10,
    "min_samples_leaf": 2,
    "max_features": "sqrt",
    "max_depth": null
  },
  "cv_auc": 0.9133095592212006,
  "test_auc": 0.963802055164954,
  "test_acc": 0.9279069767441861,
  "test_sens": 0.9255813953488372,
  "test_spec": 0.9302325581395349,
  "test_mcc": 0.8558232106851197,
  "threshold": 0.42999999999999994,
  "sens_spec_diff": 0.0046511627906976605
}