{
  "model": "LightGBM",
  "dataset": "FP",
  "best_params": {
    "subsample": 1.0,
    "num_leaves": 31,
    "n_estimators": 200,
    "max_depth": 5,
    "learning_rate": 0.1,
    "colsample_bytree": 0.9
  },
  "cv_auc": 0.9076688412655489,
  "test_auc": 0.9673445105462412,
  "accuracy": 0.9209302325581395,
  "sensitivity": 0.9232558139534883,
  "specificity": 0.9186046511627907,
  "mcc": 0.841869571380471,
  "threshold": 0.44999999999999996,
  "balance_diff": 0.0046511627906976605
}