{
  "model": "GradientBoosting",
  "dataset": "2D",
  "best_params": {
    "learning_rate": 0.1,
    "max_depth": 3,
    "n_estimators": 120
  },
  "cv_auc": 0.8787207612222824,
  "test_auc": 0.935992428339643,
  "test_sensitivity": 0.8209302325581396,
  "test_specificity": 0.9209302325581395,
  "balance_diff": 0.09999999999999998
}