{
  "model": "SVM-RBF",
  "dataset": "2D",
  "best_params": {
    "gamma": 0.01,
    "C": 5
  },
  "cv_auc": 0.897891875641904,
  "test_auc": 0.9687209302325581,
  "test_sensitivity": 0.913953488372093,
  "test_specificity": 0.9116279069767442,
  "sens_spec_diff": 0.0023255813953487747,
  "threshold": 0.44999999999999996,
  "test_accuracy": 0.9127906976744186,
  "test_mcc": 0.8255836278657224
}