{
    "threshold": 0.26,
    "AUROC": 0.9734613304488913,
    "Accuracy": 0.936046511627907,
    "Sensitivity": 0.9511627906976744,
    "Specificity": 0.9209302325581395,
    "MCC": 0.87249184648546,
    "confusion_matrix": {
        "TN": 396,
        "FP": 34,
        "FN": 21,
        "TP": 409
    }
}